{
    "size": [
        [1200, 1000],
        [1200, 1000],
        [1200, 1200],
        [1200, 1000],
        [1200, 1000]
    ],
    "camera_matrices": [
        [[1065.6464119500156, 0.0, 594.9244404795744], [0.0, 1069.697213160575, 1032.0917875235464], [0.0, 0.0, 1.0]],
        [[1070.1185683202832, 0.0, 606.8494665757356], [0.0, 1077.9090449363268, 1039.6330973613078], [0.0, 0.0, 1.0]],
        [[1072.923990914642, 0.0, 562.2536187482988], [0.0, 1072.387073365067, 676.4452242459258], [0.0, 0.0, 1.0]],
        [[1053.5148265262767, 0.0, 645.5572605201047], [0.0, 1068.7724947925317, 1037.213844905567], [0.0, 0.0, 1.0]],
        [[1041.014634842652, 0.0, 605.3793657462974], [0.0, 1048.9532864833, 906.3519638858226], [0.0, 0.0, 1.0]]
    ],
    "dist_coeffs": [
        [-0.0743569088953421, 0.08911365042804215, 0.014433699527921971, -0.0018340566257752937, -0.03392423042265253],
        [-0.054142922627783995, 0.0717459873204249, 0.016338209857652185, 0.001171403807173858, -0.022263038947324596],
        [-0.13842382445668575, 0.5559134855405597, 0.013542484723428857, -0.0042103686146866244, -0.8687284755038788],
        [0.03013610818986503, -0.07300060564672974, 0.024783330371109163, 0.006728076455183971, 0.05844578368610021],
        [-0.12252977623045429, 0.2856748341065929, -0.01305912353019955, 0.002265808627477241, -0.20858197862167177]
    ],
    "rot_vectors": [
        [0.6694091670102471, -0.624821840257491, 0.2062554064421323],
        [0.3548397668223459, -2.1958546068475084, 0.6674810877252311],
        [-0.8284727849528682, 0.5054755753785435, -0.7982819824200146],
        [0.6606047458448576, 0.8853212978774292, -0.2641182701071856],
        [0.2433700535236843, 2.3647543409184326, -0.8839750825949985]
    ],
    "trans_vectors": [
        [-0.08836201419284348, -0.36391308608276224, 0.29482681808586586],
        [0.08906542253605285, -0.36874907510847277, 0.31996585540268135],
        [-0.07733241674582297, 0.054932889716312994, 0.6147065028940292],
        [-0.12505097240770974, -0.36189010556649137, 0.49408744705552665],
        [0.09244752932902034, -0.2911661119862673, 0.5445207060285847]
    ]
}